{"cameraMode":{"drawMode":0,"name":"Shaded","section":"Shading Mode"},"sceneLighting":false,"audioPlay":false,"sceneViewState":{"m_AlwaysRefresh":false,"showFog":true,"showSkybox":true,"showFlares":true,"showImageEffects":true,"showParticleSystems":true,"showVisualEffectGraphs":true,"m_FxEnabled":true},"in2DMode":false,"pivot":{"x":15.140951156616211,"y":-73.08805847167969,"z":0.8152612447738648},"rotation":{"x":0.44840753078460696,"y":0.5502334237098694,"z":-0.47134652733802798,"w":0.5234994888305664},"size":105.13898468017578,"orthographic":false}